nodeID,xcoord,ycoord,floor,building,nodeType,longName,shortName,teamAssigned,xcoord3d,ycoord3d
HHALL00102,1875,925,2,Tower,HALL,Hallway Connector 1 Floor 2,Hallway H00102,Team H,1840,1296
HHALL00202,1955,900,2,Tower,HALL,Hallway Connector 2 Floor 2,Hallway H00202,Team H,1920,1300
HRETL00102,1935,860,2,Tower,RETL,Garden Cafe,Garden Cafe,Team H,1901,1262
HHALL00302,2035,900,2,Tower,HALL,Hallway Connector 3 Floor 2,Hallway H00302,Team H,1972,1330
HSTAI00102,2060,880,2,Tower,STAI,Stairwell 1 Floor 2,Stairwell 0102,Team H,2000,1316
HHALL00402,1875,1025,2,Tower,HALL,Hallway Connector 4 Floor 2,Hallway H00402,Team H,1811,1342
HHALL00502,1825,1025,2,Tower,HALL,Hallway Connector 5 Floor 2,Hallway H00502,Team H,1770,1340
HRETL00202,1615,1025,2,Tower,RETL,Vending Machine Floor 2?,Vending Machine,Team H,1640,1286
HBATH00102,1605,1008,2,Tower,BATH,Bathroom 1 Tower Floor 2,Bathroom 0102,Team H,1626,1268
HRETL00302,1825,1080,2,Tower,RETL,Gift Shop Tower Floor 2,Gift Shop,Team H,1775,1364
HHALL00602,1775,1080,2,Tower,HALL,Hallway Connector 6 Floor 2,Hallway H00602,Team H,1733,1351
HHALL00702,1740,1165,2,Tower,HALL,Hallway Connector 7 Floor 2,Hallway H00702,Team H,1662,1395
HSTAI00202,1695,1165,2,Tower,STAI,Stairwell 2 Tower Floor 2,Stairwell 0202,Team H,1632,1382
HHALL00802,1740,1230,2,Tower,HALL,Hallway Connector 8 Floor 2,Hallway H00802,Team H,1640,1423
HSTAI00302,1790,1230,2,Tower,STAI,Escalator 1 Floor 2,Escalator 1 Floor 2,Team H,1679,1440
HHALL00902,1740,1280,2,Tower,HALL,Hallway Connector 9 Floor 2,Hallway H00902,Team H,1621,1443
HHALL01002,2055,1280,2,Tower,HALL,Hallway Connector 10 Floor 2,Hallway H01002,Team H,1852,1536
HDEPT00102,2055,1330,2,Tower,DEPT,Endoscopy,Endoscopy,Team H,1835,1567
HHALL00503,1680,1290,3,Tower,HALL,Hallway Connector 5 Floor 3,Hallway H00502,Team H,1571,1416
HSTAI00103,1680,1275,3,Tower,STAI,Stairwell 1 Floor 3,Stairwell,Team H,1589,1398
HHALL00403,1325,1290,3,Tower,HALL,Hallway Connector 4 Floor 3,Hallway H00403,Team H,1337,1325
HHALL00303,1325,985,3,Tower,HALL,Hallway Connector 3 Floor 3,Hallway H00303,Team H,1450,1158
HHALL00203,1235,985,3,Tower,HALL,Hallway Connector 2 Floor 3,Hallway H00203,Team H,1382,1132
HLABS00103,1235,865,3,Tower,LABS,Reproductive Endocrine Labs,Reproductive Endocrine Labs,Team H,1412,1092
HHALL00103,1325,655,3,Tower,HALL,Hallway Connector 1 Floor 3,Hallway H00103,Team H,1565,982
HHALL00603,1735,925,3,Tower,HALL,Hallway Connector 6 Floor 3,Hallway H00603,Team H,1766,1225
HHALL00703,1735,900,3,Tower,HALL,Hallway Connector 7 Floor 3,Hallway H00703,Team H,1778,1214
HDEPT00103,1725,900,3,Tower,DEPT,Dialysis Waiting Room,Dialysis WR,Team H,1765,1220
HHALL00803,1735,865,3,Tower,HALL,Hallway Connector 8 Floor 3,Hallway H00803,Team H,1786,1202
HSERV00103,1750,865,3,Tower,SERV,Nursing Room,Nursing Room,Team H,1812,1194
HHALL00903,1735,820,3,Tower,HALL,Hallway Connector 9 Floor 3,Hallway H00903,Team H,1801,1180
HHALL01003,1785,820,3,Tower,HALL,Hallway Connector 10 Floor 3,Hallway H01003,Team H,1849,1192
HBATH00103,1785,830,3,Tower,BATH,Bathroom 1 Tower Floor 3,Bathroom 0103,Team H,1845,1200
HHALL01103,1690,820,3,Tower,HALL,Hallway Connector 11 Floor 3,Hallway H01103,Team H,1777,1170
HDEPT00203,1690,830,3,Tower,DEPT,MICU 3B/C Waiting Room,MICU 3B/C WR,Team H,1772,1177
HHALL01203,1600,820,3,Tower,HALL,Hallway Connector 12 Floor 3,Hallway H01203,Team H,1707,1145
HHALL01303,1600,1030,3,Tower,HALL,Hallway Connector 13 Floor 3,Hallway H01303,Team H,1630,1257
HHALL01403,1735,1030,3,Tower,HALL,Hallway Connector 14 Floor 3,Hallway H01403,Team H,1728,1292
HHALL01503,1735,985,3,Tower,HALL,Hallway Connector 15 Floor 3,Hallway H01503,Team H,1744,1269
HBATH00203,1750,985,3,Tower,BATH,Bathroom 2 Tower Floor 3,Bathroom 0203,Team H,1754,1274
